[
    {
        "2014": " $ 0.96 m",
        "2015": " $ 0.89 m",
        "2016": " $ 1.11 m",
        "2017": " $ 1.06 m",
        "2018": " $ 1.26 m",
        "2019": " $ 1.40 m",
        "2020": " $ 1.00 m",
        "name": "banana"
    },
    {
        "2014": " $ 1.55 m",
        "2015": " $ 1.12 m",
        "2016": " $ 2.00 m",
        "2017": " $ 1.98 m",
        "2018": " $ 2.35 m",
        "2019": " $ 2.10 m",
        "2020": " $ 1.60 m",
        "name": "apple"
    },
    {
        "2014": " $ 0.80 m",
        "2015": " $ 1.22 m",
        "2016": " $ 2.20 m",
        "2017": " $ 0.90 m",
        "2018": " $ 1.10 m",
        "2019": " $ 1.20 m",
        "2020": " $ 0.80 m",
        "name": "orange"
    }
]